{
  "item":[
    {
      "id":0,
      "name":"Rabadon's Deathcap",
      "ap":120,
      "hp":0,
      "hp5":0,
      "mp":0,
      "mp5":0,
      "ad":0,
      "as":0,
      "arm":0,
      "lfs":0,
      "cd":0,
      "crit":0,
      "mr":0,
      "ms":0,
      "icon":"assets/img/items/rabadon.png",
      "price":3800,
      "pass":["<b>UNIQUE Passive:</b> Increases Ability Power by 35%. <span></span>"],
      "build":[1,2,3],
      "buildTo":[],
      "uniq":true
    },
    {
      "id":1,
      "name":"Blasting Wand",
      "ap":40,
      "hp":0,
      "hp5":0,
      "mp":0,
      "mp5":0,
      "ad":0,
      "as":0,
      "lfs":0,
      "cd":0,
      "crit":0,
      "arm":0,
      "mr":0,
      "ms":0,
      "icon":"assets/img/items/BlastingWand.png",
      "price":850,
      "pass":["test"],
      "build":[],
      "buildTo":[0],
      "uniq":false
    },
    {
      "id":2,
      "name":"Needlessly Large Rod",
      "ap":60,
      "hp":0,
      "hp5":0,
      "mp":0,
      "mp5":0,
      "ad":0,
      "as":0,
      "arm":0,
      "lfs":0,
      "crit":0,
      "cd":0,
      "mr":0,
      "ms":0,
      "icon":"assets/img/items/LargeRod.png",
      "price":1250,
      "pass":[],
      "build":[],
      "buildTo":[0],
      "uniq":false
    },
    {
      "id":3,
      "name":"Amplifying Tome",
      "ap":20,
      "hp":0,
      "hp5":0,
      "mp":0,
      "mp5":0,
      "ad":0,
      "as":0,
      "lfs":0,
      "crit":0,
      "cd":0,

      "arm":0,
      "mr":0,
      "ms":0,
      "icon":"assets/img/items/apTome.png",
      "price":435,
      "pass":[],
      "build":[],
      "buildTo":[0,12],
      "uniq":false
    },
    {
      "id":4,
      "name":"B. F. Sword",
      "ap":0,
      "hp":0,
      "hp5":0,
      "mp":0,
      "mp5":0,
      "ad":40,
      "as":0,
      "cd":0,
      "arm":0,
      "lfs":0,
      "crit":0,
      "mr":0,
      "ms":0,
      "icon":"assets/img/items/BF.png",
      "price":1300,
      "pass":[],
      "build":[],
      "buildTo":[],
      "uniq":false
    },
    {
      "id":5,
      "name":"Cull",
      "ap":0,
      "hp":0,
      "hp5":0,
      "mp":0,
      "mp5":0,
      "ad":7,
      "as":0,
      "lfs":0,
      "crit":0,
      "cd":0,
      "arm":0,
      "mr":0,
      "ms":0,
      "icon":"assets/img/items/Cull.png",
      "price":450,
      "pass":[
        "UNIQUE Passive: Killing a lane minion grants 1 additional Gold. Killing 100 lane minions grants an additional 350 bonus gold immediately and disables this passive.",
        "+3 Life on Hit"
      ],
      "build":[],
      "buildTo":[8,6],
      "uniq":true
    },
    {
      "id":6,
      "name":"Essence Reaver",
      "ap":0,
      "hp":0,
      "hp5":0,
      "mp":0,
      "mp5":0,
      "ad":70,
      "cd":0,
      "lfs":0,
      "crit":20,
      "as":0,
      "arm":0,
      "mr":0,
      "ms":0,
      "icon":"assets/img/items/Reaver.jpg",
      "price":3600,
      "pass":[
        "UNIQUE Passive: +10% Cooldown Reduction",
        "UNIQUE Passive: Gain increasingly more Cooldown Reduction from Critical Strike Chance provided by other sources (maximum +20% additional Cooldown Reduction at 30% Critical Strike Chance)."
      ],
      "build":[4],
      "buildTo":[],
      "uniq":false
    },
    {
      "id":7,
      "name":"Long Sword",
      "ap":0,
      "hp":0,
      "hp5":0,
      "mp":0,
      "mp5":0,
      "ad":10,
      "lfs":0,
      "crit":0,
      "as":0,
      "cd":0,
      "arm":0,
      "mr":0,
      "ms":0,
      "icon":"assets/img/items/longsword.png",
      "price":350,
      "pass":[],
      "build":[],
      "buildTo":[],
      "uniq":false
    },
    {
      "id":8,
      "name":"Infinity Edge",
      "ap":0,
      "hp":0,
      "hp5":0,
      "mp":0,
      "mp5":0,
      "ad":70,
      "lfs":0,
      "crit":20,
      "as":0,
      "arm":0,
      "mr":0,
      "cd":0,
      "ms":0,
      "icon":"assets/img/items/InfinityEdge.png",
      "price":3600,
      "pass":[
        "UNIQUE Passive: Critical strike bonus damage is increased by 50%"
      ],
      "build":[4],
      "buildTo":[],
      "uniq":false
    },
    {
      "id":9,
      "name":"Last Whisper",
      "ap":0,
      "hp":0,
      "hp5":0,
      "mp":0,
      "mp5":0,
      "ad":25,
      "as":0,
      "lfs":0,
      "cd":0,
      "crit":0,
      "arm":0,
      "mr":0,
      "ms":0,
      "icon":"assets/img/items/LastWhisper.png",
      "price":1300,
      "pass":[
        "UNIQUE Passive - Last Whisper: +30% Bonus Armor Penetration"
      ],
      "build":[],
      "buildTo":[10],
      "uniq":false
    },
    {
      "id":10,
      "name":"Mortal Reminder",
      "ap":0,
      "hp":0,
      "hp5":0,
      "mp":0,
      "mp5":0,
      "ad":50,
      "lfs":0,
      "crit":0,
      "cd":0,
      "as":0,
      "arm":0,
      "mr":0,
      "ms":0,
      "icon":"assets/img/items/MortalReminder.png",
      "price":2700,
      "pass":[
        "UNIQUE Passive - Executioner: Physical damage inflicts Grievous Wounds on enemy champions for 5 seconds.",
        "UNIQUE Passive - Last Whisper: +45% Bonus Armor Penetration."
      ],
      "build":[9],
      "buildTo":[],
      "uniq":false
    },
    {
      "id":11,
      "name":"Ruby Crystal",
      "ap":0,
      "hp":150,
      "hp5":0,
      "mp":0,
      "mp5":0,
      "lfs":0,
      "crit":0,
      "ad":0,
      "as":0,
      "arm":0,
      "mr":0,
      "cd":0,
      "ms":0,
      "icon":"assets/img/items/RubyCrystal.png",
      "price":400,
      "pass":[],
      "build":[],
      "buildTo":[],
      "uniq":false
    },
    {
      "id":12,
      "name":"Lost Chapter",
      "ap":25,
      "hp":0,
      "hp5":0,
      "mp":300,
      "mp5":0,
      "ad":0,
      "as":0,
      "arm":0,
      "cd":0,
      "lfs":0,
      "crit":0,
      "mr":0,
      "ms":0,
      "icon":"assets/img/items/littlemorello.png",
      "price":900,
      "pass":[
        "UNIQUE Passive: Upon levelling up, restores 20% of your maximum Mana over 3 seconds."
      ],
      "build":[3],
      "buildTo":[],
      "uniq":false
    }
  ],
  "pass":{
    "id": [
      {
        "id": 0,
        "pass": "rabadon"
      },
      {
        "id": 5,
        "pass": "mejai"
      }
    ],
    "params":[
      {
        "id":"rabadon"
      },
      {
        "id":"mejai"
      }
    ]
  }
}